position,wt_aa,domain,n_observed,n_possible,fraction_observed,missing_count,observed_to_aa
1,Met,unannotated,1,19,0.053,18,Val
2,Thr,unannotated,9,19,0.474,10,Ala;Arg;Asn;Asp;Glu;Gly;Lys;Pro;Ser
3,Ala,unannotated,3,19,0.158,16,Gly;Thr;Val
4,Ile,unannotated,4,19,0.211,15,Arg;Gly;His;Leu
5,Ile,unannotated,7,19,0.368,12,Arg;Asn;Leu;Ser;Trp;Tyr;Val
6,Lys,unannotated,6,19,0.316,13,Ala;Asp;Glu;Ile;Thr;Trp
7,Glu,unannotated,12,19,0.632,7,Ala;Asp;Cys;Gly;His;Leu;Met;Phe;Pro;Thr;Tyr;Val
9,Val,unannotated,17,19,0.895,2,Ala;Arg;Asn;Asp;Cys;Gln;Glu;Gly;His;Ile;Leu;Lys;Met;Phe;Pro;Ser;Thr
10,Ser,unannotated,11,19,0.579,8,Ala;Arg;Cys;Glu;Gly;His;Leu;Phe;Pro;Thr;Val
11,Arg,unannotated,18,19,0.947,1,Ala;Asn;Cys;Gln;Glu;Gly;His;Ile;Leu;Lys;Met;Phe;Pro;Ser;Thr;Trp;Tyr;Val
12,Asn,unannotated,16,19,0.842,3,Ala;Arg;Asp;Cys;Gln;Glu;Gly;Ile;Leu;Met;Phe;Pro;Ser;Thr;Trp;Val
13,Lys,unannotated,12,19,0.632,7,Ala;Arg;Gln;Glu;Gly;His;Ile;Leu;Met;Pro;Ser;Trp
14,Arg,phosphatase_domain,14,19,0.737,5,Ala;Asn;Asp;Gln;Glu;Gly;Ile;Lys;Met;Pro;Ser;Thr;Tyr;Val
15,Arg,phosphatase_domain,18,19,0.947,1,Ala;Asn;Asp;Cys;Glu;Gly;His;Ile;Leu;Lys;Met;Phe;Pro;Ser;Thr;Trp;Tyr;Val
16,Tyr,phosphatase_domain,13,19,0.684,6,Ala;Arg;Asp;Cys;Gln;Glu;Gly;Leu;Met;Ser;Thr;Trp;Val
17,Gln,phosphatase_domain,19,19,1.0,0,Ala;Arg;Asn;Asp;Cys;Glu;Gly;His;Ile;Leu;Lys;Met;Phe;Pro;Ser;Thr;Trp;Tyr;Val
18,Glu,phosphatase_domain,16,19,0.842,3,Ala;Arg;Asn;Asp;Cys;Gln;Gly;His;Ile;Leu;Lys;Pro;Ser;Thr;Trp;Val
19,Asp,phosphatase_domain,18,19,0.947,1,Ala;Arg;Asn;Cys;Gln;Glu;Gly;His;Leu;Lys;Met;Phe;Pro;Ser;Thr;Trp;Tyr;Val
20,Gly,phosphatase_domain,18,19,0.947,1,Ala;Arg;Asn;Asp;Cys;Gln;Glu;His;Ile;Leu;Met;Phe;Pro;Ser;Thr;Trp;Tyr;Val
21,Phe,phosphatase_domain,16,19,0.842,3,Ala;Arg;Asn;Asp;Cys;Gln;Glu;Gly;His;Ile;Leu;Met;Pro;Ser;Trp;Val
22,Asp,phosphatase_domain,16,19,0.842,3,Arg;Asn;Cys;Gln;Glu;Gly;His;Leu;Lys;Met;Phe;Pro;Ser;Thr;Trp;Val
23,Leu,phosphatase_domain,16,19,0.842,3,Ala;Arg;Asn;Asp;Gln;Glu;Gly;His;Ile;Met;Pro;Ser;Thr;Trp;Tyr;Val
24,Asp,phosphatase_domain,10,19,0.526,9,Arg;Asn;Glu;Gly;Ile;Leu;Met;Ser;Tyr;Val
25,Leu,phosphatase_domain,17,19,0.895,2,Ala;Arg;Asn;Asp;Cys;Gln;Glu;Gly;His;Ile;Met;Pro;Ser;Thr;Trp;Tyr;Val
26,Thr,phosphatase_domain,14,19,0.737,5,Ala;Arg;Asn;Asp;Cys;Gln;Glu;Gly;Leu;Lys;Met;Pro;Ser;Val
27,Tyr,phosphatase_domain,8,19,0.421,11,Cys;Gln;Glu;Gly;Leu;Lys;Ser;Val
28,Ile,phosphatase_domain,13,19,0.684,6,Arg;Asp;Gln;Glu;Gly;His;Leu;Lys;Met;Phe;Pro;Ser;Val
29,Tyr,phosphatase_domain,15,19,0.789,4,Ala;Arg;Asn;Asp;Cys;Gly;Ile;Leu;Lys;Met;Phe;Pro;Ser;Thr;Val
30,Pro,phosphatase_domain,19,19,1.0,0,Ala;Arg;Asn;Asp;Cys;Gln;Glu;Gly;His;Ile;Leu;Lys;Met;Phe;Ser;Thr;Trp;Tyr;Val
31,Asn,phosphatase_domain,17,19,0.895,2,Ala;Arg;Asp;Cys;Gln;Glu;Gly;His;Leu;Lys;Phe;Pro;Ser;Thr;Trp;Tyr;Val
35,Met,phosphatase_domain,15,19,0.789,4,Ala;Arg;Asp;Gln;Gly;His;Ile;Leu;Lys;Phe;Pro;Ser;Thr;Tyr;Val
36,Gly,phosphatase_domain,13,19,0.684,6,Ala;Arg;Asp;Cys;His;Leu;Lys;Phe;Pro;Ser;Thr;Trp;Val
37,Phe,phosphatase_domain,15,19,0.789,4,Ala;Arg;Asn;Asp;Cys;Gln;Glu;Gly;His;Leu;Met;Pro;Ser;Tyr;Val
38,Pro,phosphatase_domain,15,19,0.789,4,Ala;Arg;Cys;Glu;Gly;His;Ile;Leu;Lys;Met;Phe;Ser;Thr;Tyr;Val
39,Ala,phosphatase_domain,11,19,0.579,8,Arg;Asp;Cys;Gly;Leu;Met;Phe;Pro;Ser;Trp;Val
40,Glu,phosphatase_domain,13,19,0.684,6,Ala;Arg;Cys;Gly;His;Leu;Phe;Pro;Ser;Thr;Trp;Tyr;Val
43,Glu,phosphatase_domain,14,19,0.737,5,Arg;Asn;Asp;Gly;His;Ile;Leu;Phe;Pro;Ser;Thr;Trp;Tyr;Val
44,Gly,phosphatase_domain,13,19,0.684,6,Ala;Arg;Asp;Glu;His;Ile;Leu;Lys;Met;Ser;Thr;Tyr;Val
45,Val,phosphatase_domain,18,19,0.947,1,Ala;Arg;Asn;Asp;Cys;Gln;Glu;Gly;Ile;Leu;Lys;Met;Phe;Pro;Ser;Thr;Trp;Tyr
46,Tyr,phosphatase_domain,15,19,0.789,4,Ala;Asn;Asp;Cys;Glu;Gly;His;Ile;Leu;Lys;Phe;Ser;Thr;Trp;Val
47,Arg,phosphatase_domain,14,19,0.737,5,Ala;Asn;Cys;Gln;Glu;Gly;His;Leu;Phe;Pro;Ser;Thr;Trp;Val
48,Asn,phosphatase_domain,6,19,0.316,13,Arg;Asp;His;Leu;Met;Pro
49,Asn,phosphatase_domain,18,19,0.947,1,Ala;Arg;Asp;Gln;Glu;Gly;His;Ile;Leu;Lys;Met;Phe;Pro;Ser;Thr;Trp;Tyr;Val
50,Ile,phosphatase_domain,14,19,0.737,5,Ala;Arg;Asn;Gln;Glu;Gly;His;Leu;Met;Phe;Pro;Ser;Thr;Val
51,Asp,phosphatase_domain,12,19,0.632,7,Ala;Arg;Gln;Glu;Gly;Leu;Met;Pro;Ser;Thr;Trp;Val
52,Asp,phosphatase_domain,15,19,0.789,4,Ala;Arg;Asn;Gln;Glu;Gly;His;Ile;Leu;Lys;Phe;Pro;Ser;Thr;Val
53,Val,phosphatase_domain,17,19,0.895,2,Ala;Arg;Asn;Asp;Cys;Gln;Glu;Gly;His;Ile;Leu;Lys;Met;Phe;Pro;Ser;Thr
54,Val,phosphatase_domain,19,19,1.0,0,Ala;Arg;Asn;Asp;Cys;Gln;Glu;Gly;His;Ile;Leu;Lys;Met;Phe;Pro;Ser;Thr;Trp;Tyr
55,Arg,phosphatase_domain,16,19,0.842,3,Ala;Gln;Glu;Gly;His;Ile;Leu;Lys;Met;Phe;Pro;Ser;Thr;Trp;Tyr;Val
56,Phe,phosphatase_domain,16,19,0.842,3,Ala;Arg;Asn;Asp;Cys;Gln;Glu;Gly;Ile;Leu;Lys;Met;Ser;Trp;Tyr;Val
57,Leu,phosphatase_domain,15,19,0.789,4,Ala;Arg;Asn;Cys;Gln;Glu;Gly;Ile;Lys;Met;Pro;Ser;Thr;Trp;Val
58,Asp,phosphatase_domain,14,19,0.737,5,Ala;Arg;Cys;Glu;Gly;His;Ile;Lys;Pro;Ser;Thr;Trp;Tyr;Val
59,Ser,phosphatase_domain,16,19,0.842,3,Ala;Arg;Asn;Asp;Cys;Gln;Glu;Gly;His;Ile;Leu;Met;Pro;Trp;Tyr;Val
60,Lys,phosphatase_domain,13,19,0.684,6,Ala;Arg;Cys;Glu;Gly;Ile;Leu;Met;Pro;Ser;Thr;Tyr;Val
61,His,phosphatase_domain,19,19,1.0,0,Ala;Arg;Asn;Asp;Cys;Gln;Glu;Gly;Ile;Leu;Lys;Met;Phe;Pro;Ser;Thr;Trp;Tyr;Val
62,Lys,phosphatase_domain,17,19,0.895,2,Ala;Arg;Asp;Cys;Gln;Glu;Gly;Ile;Leu;Met;Phe;Pro;Ser;Thr;Trp;Tyr;Val
63,Asn,phosphatase_domain,13,19,0.684,6,Ala;Arg;Gln;Glu;Gly;Leu;Lys;Met;Pro;Ser;Thr;Trp;Val
64,His,phosphatase_domain,15,19,0.789,4,Ala;Arg;Asp;Cys;Gln;Glu;Gly;Ile;Leu;Phe;Pro;Ser;Thr;Trp;Val
65,Tyr,phosphatase_domain,16,19,0.842,3,Ala;Arg;Cys;Glu;Gly;His;Ile;Leu;Lys;Met;Phe;Pro;Ser;Thr;Trp;Val
66,Lys,phosphatase_domain,16,19,0.842,3,Ala;Arg;Asn;Gln;Glu;Gly;His;Ile;Leu;Met;Phe;Pro;Ser;Thr;Trp;Val
67,Ile,phosphatase_domain,18,19,0.947,1,Ala;Arg;Asn;Asp;Cys;Gln;Glu;Gly;His;Leu;Lys;Met;Pro;Ser;Thr;Trp;Tyr;Val
68,Tyr,phosphatase_domain,16,19,0.842,3,Arg;Asn;Cys;Gln;Glu;Gly;Ile;Leu;Lys;Met;Phe;Pro;Ser;Thr;Trp;Val
69,Asn,phosphatase_domain,14,19,0.737,5,Ala;Arg;Asp;Glu;Gly;His;Leu;Met;Pro;Ser;Thr;Trp;Tyr;Val
71,Cys,phosphatase_domain,4,19,0.211,15,Asp;Gly;Ile;Thr
72,Ala,phosphatase_domain,19,19,1.0,0,Arg;Asn;Asp;Cys;Gln;Glu;Gly;His;Ile;Leu;Lys;Met;Phe;Pro;Ser;Thr;Trp;Tyr;Val
73,Glu,phosphatase_domain,17,19,0.895,2,Ala;Arg;Asp;Cys;Gln;Gly;His;Ile;Leu;Lys;Met;Phe;Pro;Ser;Thr;Tyr;Val
74,Arg,phosphatase_domain,11,19,0.579,8,Ala;Asn;Asp;Cys;Gly;His;Leu;Pro;Ser;Thr;Val
75,His,phosphatase_domain,13,19,0.684,6,Ala;Arg;Asp;Glu;Gly;Ile;Leu;Met;Phe;Ser;Thr;Tyr;Val
76,Tyr,phosphatase_domain,17,19,0.895,2,Ala;Arg;Asp;Cys;Gln;Glu;Gly;His;Leu;Lys;Met;Phe;Pro;Ser;Thr;Trp;Val
77,Asp,phosphatase_domain,17,19,0.895,2,Ala;Arg;Cys;Gln;Glu;Gly;Ile;Leu;Lys;Met;Phe;Pro;Ser;Thr;Trp;Tyr;Val
78,Thr,phosphatase_domain,6,19,0.316,13,Ala;Cys;Gln;Gly;Leu;Met
79,Ala,phosphatase_domain,18,19,0.947,1,Arg;Asn;Asp;Cys;Gln;Glu;Gly;His;Leu;Lys;Met;Phe;Pro;Ser;Thr;Trp;Tyr;Val
80,Lys,phosphatase_domain,18,19,0.947,1,Ala;Arg;Asn;Asp;Cys;Gln;Glu;Gly;Ile;Leu;Met;Phe;Pro;Ser;Thr;Trp;Tyr;Val
81,Phe,phosphatase_domain,15,19,0.789,4,Ala;Arg;Asn;Gln;Glu;Gly;His;Ile;Leu;Lys;Met;Pro;Thr;Tyr;Val
82,Asn,phosphatase_domain,3,19,0.158,16,Asp;Gly;Pro
83,Cys,phosphatase_domain,2,19,0.105,17,Gly;Leu
84,Arg,phosphatase_domain,6,19,0.316,13,Cys;Ile;Met;Phe;Pro;Val
85,Val,phosphatase_domain,13,19,0.684,6,Ala;Arg;Asn;Asp;Cys;Glu;Gly;Ile;Leu;Lys;Met;Pro;Ser
86,Ala,phosphatase_domain,6,19,0.316,13,Arg;Asn;Cys;Gly;Leu;Met
87,Gln,phosphatase_domain,13,19,0.684,6,Ala;Arg;Cys;Glu;Gly;His;Leu;Met;Phe;Pro;Ser;Thr;Val
88,Tyr,phosphatase_domain,8,19,0.421,11,Ala;Arg;Gly;Ile;Phe;Ser;Thr;Val
89,Pro,phosphatase_domain,15,19,0.789,4,Ala;Arg;Asp;Cys;Gln;Glu;Gly;His;Ile;Leu;Lys;Ser;Thr;Trp;Val
90,Phe,phosphatase_domain,16,19,0.842,3,Ala;Arg;Cys;Gln;Glu;Gly;His;Ile;Leu;Lys;Met;Pro;Ser;Trp;Tyr;Val
91,Glu,phosphatase_domain,17,19,0.895,2,Ala;Arg;Asn;Asp;Gln;Gly;His;Leu;Lys;Met;Phe;Pro;Ser;Thr;Trp;Tyr;Val
92,Asp,phosphatase_domain,15,19,0.789,4,Ala;Arg;Cys;Gln;Glu;Gly;His;Leu;Lys;Phe;Pro;Ser;Thr;Trp;Val
93,His,phosphatase_domain,12,19,0.632,7,Ala;Arg;Asp;Cys;Glu;Gly;Met;Phe;Pro;Thr;Trp;Val
94,Asn,phosphatase_domain,14,19,0.737,5,Ala;Arg;Cys;Gln;Glu;Gly;Leu;Met;Phe;Pro;Ser;Thr;Tyr;Val
95,Pro,phosphatase_domain,14,19,0.737,5,Ala;Asn;Asp;Cys;Gln;Glu;Gly;His;Ile;Phe;Ser;Thr;Tyr;Val
96,Pro,phosphatase_domain,3,19,0.158,16,Asp;Gly;Leu
97,Gln,phosphatase_domain,2,19,0.105,17,Glu;Val
98,Leu,phosphatase_domain,9,19,0.474,10,Ala;Arg;Glu;Gly;His;Lys;Pro;Tyr;Val
100,Leu,phosphatase_domain,1,19,0.053,18,Pro
102,Lys,phosphatase_domain,1,19,0.053,18,Glu
103,Pro,phosphatase_domain,6,19,0.316,13,Ala;Arg;Lys;Phe;Thr;Val
104,Phe,phosphatase_domain,14,19,0.737,5,Ala;Arg;Asn;Asp;Cys;Gln;Glu;Gly;Leu;Pro;Ser;Thr;Tyr;Val
105,Cys,phosphatase_domain,10,19,0.526,9,Arg;Asn;Asp;Gln;Glu;Gly;Leu;Ser;Trp;Val
106,Glu,phosphatase_domain,17,19,0.895,2,Ala;Arg;Asn;Asp;Gln;Gly;Ile;Leu;Lys;Met;Phe;Pro;Ser;Thr;Trp;Tyr;Val
107,Asp,phosphatase_domain,13,19,0.684,6,Ala;Asn;Cys;Glu;Gly;Lys;Met;Pro;Ser;Thr;Trp;Tyr;Val
108,Leu,phosphatase_domain,16,19,0.842,3,Ala;Arg;Asp;Cys;Gln;Glu;Gly;His;Ile;Met;Phe;Pro;Ser;Thr;Trp;Val
109,Asp,phosphatase_domain,11,19,0.579,8,Ala;Arg;Cys;Gly;Leu;Lys;Met;Ser;Thr;Trp;Val
110,Gln,phosphatase_domain,9,19,0.474,10,Arg;Asp;Cys;Glu;Gly;Leu;Pro;Thr;Val
111,Trp,phosphatase_domain,5,19,0.263,14,Arg;Asn;Met;Pro;Thr
112,Leu,phosphatase_domain,13,19,0.684,6,Ala;Arg;Asp;Glu;Gly;His;Ile;Phe;Pro;Ser;Trp;Tyr;Val
114,Glu,phosphatase_domain,13,19,0.684,6,Ala;Arg;Asn;Asp;Gln;Gly;Ile;Leu;Met;Phe;Ser;Trp;Val
115,Asp,phosphatase_domain,12,19,0.632,7,Ala;Arg;Gln;Gly;Leu;Lys;Met;Pro;Ser;Thr;Trp;Val
116,Asp,phosphatase_domain,8,19,0.421,11,Arg;Gln;Gly;Leu;Ser;Thr;Trp;Val
117,Asn,phosphatase_domain,13,19,0.684,6,Ala;Arg;Cys;Gln;Gly;His;Leu;Lys;Pro;Ser;Trp;Tyr;Val
118,His,phosphatase_domain,8,19,0.421,11,Ala;Arg;Cys;Glu;Gly;Leu;Lys;Trp
119,Val,phosphatase_domain,12,19,0.632,7,Ala;Arg;Asn;Gln;Glu;Gly;Ile;Leu;Lys;Ser;Thr;Trp
120,Ala,phosphatase_domain,8,19,0.421,11,Arg;Gln;Glu;Gly;Phe;Thr;Trp;Val
121,Ala,phosphatase_domain,14,19,0.737,5,Asp;Cys;Glu;Gly;Ile;Leu;Lys;Phe;Pro;Ser;Thr;Trp;Tyr;Val
122,Ile,phosphatase_domain,15,19,0.789,4,Ala;Arg;Asn;Asp;Cys;Gln;Glu;Gly;Leu;Met;Pro;Ser;Thr;Trp;Val
123,His,phosphatase_domain,8,19,0.421,11,Ala;Arg;Gly;Ile;Leu;Met;Ser;Thr
124,Cys,phosphatase_domain,15,19,0.789,4,Arg;Asn;Asp;Gln;Glu;Gly;His;Leu;Met;Phe;Pro;Ser;Trp;Tyr;Val
125,Lys,phosphatase_domain,12,19,0.632,7,Ala;Arg;Asp;Cys;Gln;Glu;Gly;His;Leu;Met;Pro;Val
126,Ala,phosphatase_domain,10,19,0.526,9,Arg;Asn;Cys;Glu;Gly;Leu;Lys;Phe;Ser;Thr
127,Gly,phosphatase_domain,2,19,0.105,17,Arg;Met
128,Lys,phosphatase_domain,5,19,0.263,14,Ala;Asp;Gly;Leu;Met
129,Gly,phosphatase_domain,13,19,0.684,6,Ala;Arg;Asp;Cys;Glu;Leu;Lys;Met;Pro;Ser;Thr;Trp;Val
130,Arg,phosphatase_domain,10,19,0.526,9,Ala;Asp;Gly;Leu;Met;Phe;Pro;Ser;Thr;Val
131,Thr,phosphatase_domain,7,19,0.368,12,Arg;Asn;Asp;Gly;Ile;Leu;Lys
133,Val,phosphatase_domain,11,19,0.579,8,Arg;Asp;Gln;Gly;Ile;Leu;Lys;Phe;Ser;Trp;Tyr
134,Met,phosphatase_domain,13,19,0.684,6,Ala;Arg;Cys;Gln;Glu;Gly;His;Ile;Phe;Ser;Thr;Trp;Val
135,Ile,phosphatase_domain,5,19,0.263,14,Arg;Cys;Lys;Ser;Thr
136,Cys,phosphatase_domain,6,19,0.316,13,Arg;Glu;Gly;Leu;Met;Trp
137,Ala,phosphatase_domain,9,19,0.474,10,Arg;Asp;Gly;Leu;Lys;Met;Ser;Trp;Val
138,Tyr,phosphatase_domain,4,19,0.211,15,Asn;Gly;Thr;Val
139,Leu,phosphatase_domain,11,19,0.579,8,Ala;Arg;Asn;Gln;Glu;Gly;His;Ser;Thr;Trp;Val
140,Leu,phosphatase_domain,12,19,0.632,7,Ala;Arg;Asp;Glu;Gly;His;Lys;Met;Pro;Ser;Thr;Val
141,His,phosphatase_domain,7,19,0.368,12,Ala;Gln;Gly;Leu;Lys;Met;Pro
142,Arg,phosphatase_domain,12,19,0.632,7,Ala;Asp;Gln;Glu;Gly;Met;Pro;Ser;Thr;Trp;Tyr;Val
143,Gly,phosphatase_domain,7,19,0.368,12,Arg;Ile;Leu;Lys;Met;Phe;Val
144,Lys,phosphatase_domain,8,19,0.421,11,Arg;Asn;Gln;Gly;Ile;Leu;Pro;Val
145,Phe,phosphatase_domain,6,19,0.316,13,Arg;Gln;Gly;Pro;Ser;Val
146,Leu,phosphatase_domain,14,19,0.737,5,Ala;Arg;Asn;Asp;Cys;Gln;Gly;Lys;Met;Phe;Pro;Thr;Trp;Val
147,Lys,phosphatase_domain,11,19,0.579,8,Ala;Arg;Asp;Gln;Glu;Gly;His;Ile;Leu;Pro;Val
148,Ala,phosphatase_domain,7,19,0.368,12,Arg;Glu;Gly;Leu;Lys;Pro;Trp
149,Gln,phosphatase_domain,15,19,0.789,4,Arg;Asp;Cys;Glu;Gly;His;Ile;Leu;Lys;Phe;Pro;Ser;Thr;Trp;Val
151,Ala,phosphatase_domain,11,19,0.579,8,Arg;Asp;Glu;Gly;Leu;Lys;Met;Ser;Thr;Trp;Val
152,Leu,phosphatase_domain,12,19,0.632,7,Arg;Asn;Asp;Cys;Gln;Gly;Ile;Phe;Thr;Trp;Tyr;Val
153,Asp,phosphatase_domain,6,19,0.316,13,Gly;Ile;Leu;Met;Pro;Tyr
154,Phe,phosphatase_domain,17,19,0.895,2,Ala;Arg;Asn;Asp;Cys;Glu;Gly;His;Ile;Leu;Lys;Met;Pro;Ser;Thr;Trp;Val
155,Tyr,phosphatase_domain,7,19,0.368,12,Ala;Arg;Asn;Asp;Gln;Glu;Leu
156,Gly,phosphatase_domain,8,19,0.421,11,Ala;Arg;Gln;Glu;Met;Pro;Ser;Val
157,Glu,phosphatase_domain,12,19,0.632,7,Ala;Arg;Asp;Cys;Gln;Gly;Met;Phe;Pro;Ser;Trp;Val
158,Val,phosphatase_domain,10,19,0.526,9,Ala;Arg;Asn;Gln;Glu;Gly;Leu;Lys;Ser;Thr
159,Arg,phosphatase_domain,1,19,0.053,18,Gly
160,Thr,phosphatase_domain,14,19,0.737,5,Ala;Arg;Asn;Asp;Cys;Gln;Gly;Leu;Phe;Pro;Ser;Trp;Tyr;Val
161,Arg,phosphatase_domain,7,19,0.368,12,Cys;Gln;Glu;Gly;Lys;Ser;Val
162,Asp,phosphatase_domain,11,19,0.579,8,Ala;Cys;Gly;His;Ile;Leu;Phe;Pro;Ser;Tyr;Val
163,Lys,phosphatase_domain,14,19,0.737,5,Ala;Arg;Asp;Gln;Glu;Gly;Ile;Leu;Phe;Pro;Ser;Thr;Trp;Tyr
164,Lys,phosphatase_domain,12,19,0.632,7,Ala;Arg;Asp;Gly;Leu;Met;Pro;Ser;Thr;Trp;Tyr;Val
165,Gly,phosphatase_domain,1,19,0.053,18,Ala
166,Val,phosphatase_domain,12,19,0.632,7,Arg;Cys;Glu;Gly;His;Leu;Met;Pro;Ser;Thr;Trp;Tyr
167,Thr,phosphatase_domain,14,19,0.737,5,Ala;Arg;Asn;Glu;Gly;His;Leu;Met;Phe;Pro;Ser;Trp;Tyr;Val
168,Ile,phosphatase_domain,13,19,0.684,6,Arg;Cys;Gln;Glu;Gly;Leu;Met;Pro;Ser;Thr;Trp;Tyr;Val
170,Ser,phosphatase_domain,6,19,0.316,13,Ala;Arg;Gly;Leu;Pro;Trp
171,Gln,phosphatase_domain,14,19,0.737,5,Ala;Arg;Asn;Asp;Glu;Gly;Ile;Leu;Met;Pro;Ser;Thr;Trp;Val
172,Arg,phosphatase_domain,10,19,0.526,9,Ala;Asn;Glu;Gly;Lys;Met;Ser;Trp;Tyr;Val
174,Tyr,phosphatase_domain,1,19,0.053,18,Val
175,Val,phosphatase_domain,13,19,0.684,6,Ala;Arg;Asn;Asp;Glu;Gly;Leu;Lys;Met;Phe;Pro;Ser;Thr
176,Tyr,phosphatase_domain,10,19,0.526,9,Ala;Asp;Gly;Lys;Phe;Pro;Ser;Thr;Trp;Val
177,Tyr,phosphatase_domain,12,19,0.632,7,Ala;Arg;Cys;Gly;Ile;Leu;Lys;Met;Phe;Pro;Trp;Val
178,Tyr,phosphatase_domain,16,19,0.842,3,Ala;Arg;Asp;Cys;Gln;Glu;Gly;Ile;Leu;Lys;Met;Phe;Pro;Ser;Thr;Val
179,Ser,phosphatase_domain,9,19,0.474,10,Asp;Glu;Gly;Ile;Met;Phe;Pro;Thr;Val
182,Leu,phosphatase_domain,1,19,0.053,18,Phe
184,Asn,phosphatase_domain,5,19,0.263,14,Arg;Cys;Gly;Ile;Ser
186,Leu,unannotated,11,19,0.579,8,Arg;Cys;Gln;Gly;His;Lys;Phe;Pro;Ser;Trp;Tyr
187,Asp,unannotated,18,19,0.947,1,Ala;Arg;Asn;Cys;Glu;Gly;His;Ile;Leu;Lys;Met;Phe;Pro;Ser;Thr;Trp;Tyr;Val
188,Tyr,unannotated,19,19,1.0,0,Ala;Arg;Asn;Asp;Cys;Gln;Glu;Gly;His;Ile;Leu;Lys;Met;Phe;Pro;Ser;Thr;Trp;Val
189,Arg,unannotated,15,19,0.789,4,Asn;Asp;Gln;Glu;Gly;His;Ile;Leu;Lys;Phe;Pro;Ser;Thr;Trp;Val
191,Val,c2_domain,4,19,0.211,15,Gly;Leu;Lys;Ser
192,Ala,c2_domain,13,19,0.684,6,Arg;Gln;Glu;Gly;His;Leu;Lys;Met;Ser;Thr;Trp;Tyr;Val
193,Leu,c2_domain,9,19,0.474,10,Arg;Asp;Cys;Gln;Gly;Ile;Lys;Pro;Val
194,Leu,c2_domain,12,19,0.632,7,Ala;Arg;Asp;Gln;Glu;Gly;Lys;Met;Ser;Thr;Tyr;Val
195,Phe,c2_domain,9,19,0.474,10,Ala;Arg;Asp;Glu;Gly;Ile;Ser;Tyr;Val
196,His,c2_domain,14,19,0.737,5,Ala;Arg;Asn;Cys;Gln;Glu;Gly;Leu;Phe;Pro;Ser;Thr;Tyr;Val
197,Lys,c2_domain,12,19,0.632,7,Ala;Arg;Asp;Gln;Glu;Gly;His;Leu;Pro;Ser;Tyr;Val
199,Met,c2_domain,1,19,0.053,18,Val
201,Glu,c2_domain,13,19,0.684,6,Ala;Arg;Cys;Gln;Gly;Ile;Leu;Met;Phe;Pro;Ser;Thr;Val
202,Thr,c2_domain,16,19,0.842,3,Ala;Arg;Asp;Cys;Gln;Gly;His;Ile;Leu;Met;Phe;Pro;Ser;Trp;Tyr;Val
203,Ile,c2_domain,9,19,0.474,10,Ala;Arg;Cys;Glu;Gly;Leu;Pro;Ser;Val
204,Pro,c2_domain,10,19,0.526,9,Ala;Arg;Gln;Glu;Gly;Leu;Met;Ser;Thr;Val
205,Met,c2_domain,11,19,0.579,8,Ala;Arg;Asp;Glu;Gly;Leu;Pro;Ser;Thr;Trp;Val
206,Phe,c2_domain,16,19,0.842,3,Ala;Arg;Asp;Cys;Gln;Gly;His;Ile;Leu;Met;Pro;Ser;Thr;Trp;Tyr;Val
207,Ser,c2_domain,11,19,0.579,8,Arg;Asp;Cys;Gln;Glu;Gly;Ile;Leu;Pro;Thr;Val
208,Gly,c2_domain,15,19,0.789,4,Ala;Arg;Asn;Asp;Cys;Gln;Glu;Ile;Leu;Met;Phe;Ser;Thr;Tyr;Val
209,Gly,c2_domain,13,19,0.684,6,Ala;Arg;Asn;Asp;Cys;Glu;Leu;Met;Phe;Pro;Ser;Trp;Val
210,Thr,c2_domain,9,19,0.474,10,Arg;Asp;Glu;Gly;Leu;Lys;Met;Ser;Val
211,Cys,c2_domain,12,19,0.632,7,Ala;Arg;Asn;Asp;Gly;Leu;Met;Phe;Pro;Ser;Thr;Val
212,Asn,c2_domain,11,19,0.579,8,Ala;Arg;Gln;Gly;Leu;Lys;Met;Phe;Pro;Tyr;Val
213,Pro,c2_domain,11,19,0.579,8,Ala;Arg;Glu;Gly;Leu;Lys;Met;Phe;Trp;Tyr;Val
214,Gln,c2_domain,14,19,0.737,5,Ala;Arg;Cys;Glu;Gly;Ile;Leu;Lys;Met;Phe;Pro;Ser;Thr;Val
215,Phe,c2_domain,15,19,0.789,4,Ala;Arg;Asn;Asp;Glu;Gly;Ile;Leu;Lys;Met;Pro;Ser;Thr;Tyr;Val
216,Val,c2_domain,13,19,0.684,6,Ala;Arg;Asn;Cys;Gly;Ile;Leu;Met;Phe;Pro;Ser;Trp;Tyr
217,Val,c2_domain,15,19,0.789,4,Ala;Arg;Asn;Gln;Glu;Gly;His;Ile;Leu;Lys;Met;Phe;Pro;Ser;Thr
218,Cys,c2_domain,17,19,0.895,2,Ala;Arg;Asp;Gln;Glu;Gly;His;Ile;Leu;Met;Phe;Pro;Ser;Thr;Trp;Tyr;Val
219,Gln,c2_domain,9,19,0.474,10,Arg;Gly;Leu;Lys;Met;Pro;Thr;Trp;Val
220,Leu,c2_domain,9,19,0.474,10,Ala;Arg;Asp;Ile;Met;Phe;Pro;Tyr;Val
222,Val,c2_domain,9,19,0.474,10,Ala;Arg;Cys;Glu;Gly;His;Leu;Ser;Trp
223,Lys,c2_domain,11,19,0.579,8,Ala;Arg;Cys;Gly;His;Leu;Phe;Thr;Trp;Tyr;Val
224,Ile,c2_domain,15,19,0.789,4,Ala;Arg;Asp;Cys;Gln;Glu;Gly;His;Leu;Met;Phe;Pro;Ser;Thr;Val
225,Tyr,c2_domain,11,19,0.579,8,Ala;Arg;Asp;Glu;Gly;His;Ile;Leu;Lys;Pro;Val
226,Ser,c2_domain,11,19,0.579,8,Arg;Asp;Glu;Gly;Leu;Lys;Met;Phe;Thr;Trp;Val
227,Ser,c2_domain,6,19,0.316,13,Asn;Gly;Leu;Pro;Tyr;Val
228,Asn,c2_domain,18,19,0.947,1,Ala;Arg;Asp;Cys;Gln;Glu;Gly;His;Ile;Leu;Lys;Met;Phe;Pro;Ser;Thr;Tyr;Val
229,Ser,c2_domain,13,19,0.684,6,Ala;Arg;Glu;Gly;His;Ile;Leu;Lys;Met;Phe;Pro;Tyr;Val
230,Gly,c2_domain,7,19,0.368,12,Arg;Cys;Glu;Met;Ser;Thr;Val
231,Pro,c2_domain,16,19,0.842,3,Ala;Arg;Asn;Asp;Cys;Glu;Gly;Ile;Leu;Lys;Met;Phe;Ser;Thr;Tyr;Val
232,Thr,c2_domain,12,19,0.632,7,Ala;Arg;Asn;Cys;Gly;Ile;Leu;Met;Phe;Ser;Tyr;Val
233,Arg,c2_domain,3,19,0.158,16,Gly;Pro;Val
234,Arg,c2_domain,8,19,0.421,11,Asn;Gln;Glu;Gly;Leu;Met;Ser;Val
235,Glu,c2_domain,16,19,0.842,3,Ala;Arg;Asn;Asp;Gln;Gly;His;Ile;Leu;Lys;Pro;Ser;Thr;Trp;Tyr;Val
236,Asp,c2_domain,16,19,0.842,3,Ala;Arg;Asn;Cys;Glu;Gly;His;Ile;Leu;Lys;Met;Phe;Pro;Ser;Thr;Val
237,Lys,c2_domain,9,19,0.474,10,Arg;Gly;Ile;Leu;Met;Pro;Thr;Trp;Val
238,Phe,c2_domain,13,19,0.684,6,Ala;Arg;Asp;Cys;Gly;His;Leu;Lys;Met;Pro;Thr;Tyr;Val
239,Met,c2_domain,12,19,0.632,7,Arg;Asp;Cys;Gly;His;Leu;Phe;Pro;Ser;Trp;Tyr;Val
240,Tyr,c2_domain,16,19,0.842,3,Ala;Arg;Cys;Gln;Glu;Gly;Ile;Leu;Lys;Met;Phe;Pro;Ser;Thr;Trp;Val
241,Phe,c2_domain,14,19,0.737,5,Ala;Arg;Asn;Asp;Cys;Gln;Gly;Ile;Leu;Lys;Met;Pro;Ser;Val
242,Glu,c2_domain,1,19,0.053,18,Gly
243,Phe,c2_domain,19,19,1.0,0,Ala;Arg;Asn;Asp;Cys;Gln;Glu;Gly;His;Ile;Leu;Lys;Met;Pro;Ser;Thr;Trp;Tyr;Val
244,Pro,c2_domain,18,19,0.947,1,Arg;Asn;Asp;Cys;Gln;Glu;Gly;His;Ile;Leu;Lys;Met;Phe;Ser;Thr;Trp;Tyr;Val
245,Gln,c2_domain,14,19,0.737,5,Ala;Arg;Asp;Cys;Glu;Gly;Ile;Leu;Lys;Met;Pro;Ser;Thr;Val
246,Pro,c2_domain,11,19,0.579,8,Ala;Arg;Cys;Gln;Glu;Gly;Leu;Lys;Thr;Tyr;Val
247,Leu,c2_domain,7,19,0.368,12,Gln;Glu;Gly;His;Met;Pro;Thr
248,Pro,c2_domain,3,19,0.158,16,Gly;Lys;Thr
249,Val,c2_domain,2,19,0.105,17,Glu;Met
250,Cys,c2_domain,7,19,0.368,12,Glu;Gly;Ser;Thr;Trp;Tyr;Val
252,Asp,c2_domain,16,19,0.842,3,Ala;Arg;Asn;Cys;Glu;Gly;His;Ile;Leu;Lys;Met;Phe;Pro;Ser;Thr;Val
253,Ile,c2_domain,17,19,0.895,2,Ala;Arg;Asp;Cys;Gln;Glu;Gly;His;Leu;Lys;Met;Phe;Pro;Ser;Trp;Tyr;Val
254,Lys,c2_domain,14,19,0.737,5,Ala;Arg;Asn;Cys;Gln;Glu;Gly;His;Leu;Met;Pro;Ser;Thr;Val
255,Val,c2_domain,10,19,0.526,9,Ala;Arg;Asp;Gln;Glu;Gly;Lys;Met;Ser;Thr
256,Glu,c2_domain,15,19,0.789,4,Ala;Arg;Asp;Cys;Gly;His;Ile;Leu;Lys;Met;Phe;Ser;Thr;Tyr;Val
257,Phe,c2_domain,18,19,0.947,1,Ala;Arg;Asn;Asp;Cys;Gln;Glu;Gly;His;Ile;Leu;Lys;Met;Pro;Ser;Thr;Trp;Val
258,Phe,c2_domain,8,19,0.421,11,Ala;Arg;Gln;Glu;Gly;Pro;Trp;Val
259,His,c2_domain,15,19,0.789,4,Ala;Arg;Asn;Asp;Gln;Glu;Gly;Leu;Lys;Phe;Pro;Ser;Thr;Trp;Val
260,Lys,c2_domain,14,19,0.737,5,Ala;Arg;Cys;Gln;Glu;Gly;Ile;Leu;Met;Pro;Ser;Thr;Tyr;Val
261,Gln,c2_domain,6,19,0.316,13,Ala;Gly;Met;Ser;Thr;Val
262,Asn,c2_domain,16,19,0.842,3,Ala;Arg;Asp;Cys;Glu;Gly;His;Leu;Lys;Phe;Pro;Ser;Thr;Trp;Tyr;Val
263,Lys,c2_domain,19,19,1.0,0,Ala;Arg;Asn;Asp;Cys;Gln;Glu;Gly;His;Ile;Leu;Met;Phe;Pro;Ser;Thr;Trp;Tyr;Val
264,Met,c2_domain,3,19,0.158,16,Glu;Gly;Leu
265,Leu,c2_domain,14,19,0.737,5,Ala;Arg;Asp;Cys;Gln;Glu;Gly;His;Ile;Phe;Pro;Thr;Tyr;Val
266,Lys,c2_domain,2,19,0.105,17,Leu;Met
268,Asp,c2_domain,3,19,0.158,16,Gly;Ser;Val
269,Lys,c2_domain,17,19,0.895,2,Ala;Arg;Asn;Asp;Cys;Gln;Glu;Gly;Leu;Met;Phe;Pro;Ser;Thr;Trp;Tyr;Val
270,Met,c2_domain,14,19,0.737,5,Ala;Arg;Asn;Asp;Cys;Gly;Ile;Leu;Lys;Pro;Ser;Thr;Tyr;Val
271,Phe,c2_domain,15,19,0.789,4,Ala;Arg;Asp;Cys;Gln;Glu;Gly;Ile;Leu;Lys;Pro;Ser;Thr;Tyr;Val
272,His,c2_domain,10,19,0.526,9,Arg;Asp;Gly;Ile;Leu;Lys;Met;Pro;Ser;Val
273,Phe,c2_domain,14,19,0.737,5,Ala;Arg;Cys;Glu;Gly;Ile;Leu;Lys;Met;Ser;Thr;Trp;Tyr;Val
274,Trp,c2_domain,12,19,0.632,7,Ala;Arg;Gln;Glu;Gly;Leu;Lys;Met;Pro;Ser;Thr;Val
275,Val,c2_domain,12,19,0.632,7,Ala;Arg;Asp;Cys;Gly;His;Leu;Met;Pro;Ser;Thr;Trp
276,Asn,c2_domain,11,19,0.579,8,Ala;Cys;Gln;Glu;Gly;His;Leu;Phe;Ser;Thr;Val
277,Thr,c2_domain,13,19,0.684,6,Ala;Arg;Asp;Cys;Gln;Gly;Leu;Lys;Met;Phe;Ser;Tyr;Val
278,Phe,c2_domain,4,19,0.211,15,Asp;Glu;Gly;Lys
279,Phe,c2_domain,14,19,0.737,5,Ala;Arg;Asn;Cys;Glu;Gly;Ile;Leu;Lys;Met;Pro;Ser;Thr;Tyr
280,Ile,c2_domain,14,19,0.737,5,Ala;Arg;Asp;Cys;Glu;Gly;Leu;Lys;Met;Phe;Pro;Ser;Thr;Val
281,Pro,c2_domain,8,19,0.421,11,Ala;Arg;Asn;Cys;Gln;Leu;Thr;Val
282,Gly,c2_domain,2,19,0.105,17,Met;Ser
284,Glu,c2_domain,1,19,0.053,18,Gly
285,Glu,c2_domain,15,19,0.789,4,Ala;Arg;Asn;Asp;Cys;Gly;Leu;Lys;Met;Pro;Ser;Thr;Trp;Tyr;Val
286,Thr,c2_domain,7,19,0.368,12,Ala;Cys;Gly;Ile;Pro;Tyr;Val
287,Ser,c2_domain,13,19,0.684,6,Arg;Asp;Gln;Glu;Gly;His;Ile;Leu;Lys;Phe;Pro;Trp;Val
288,Glu,c2_domain,3,19,0.158,16,Gly;Ile;Thr
289,Lys,c2_domain,10,19,0.526,9,Ala;Arg;Asn;Asp;Glu;Gly;Pro;Ser;Thr;Val
292,Asn,c2_domain,7,19,0.368,12,Ala;Arg;Gly;Ile;Leu;Ser;Val
293,Gly,c2_domain,6,19,0.316,13,Ala;Arg;Leu;Ser;Thr;Val
294,Ser,c2_domain,9,19,0.474,10,Arg;Glu;Gly;Leu;Lys;Thr;Trp;Tyr;Val
295,Leu,c2_domain,14,19,0.737,5,Ala;Arg;Asp;Cys;Glu;Gly;His;Ile;Met;Phe;Pro;Ser;Tyr;Val
296,Cys,c2_domain,4,19,0.211,15,Arg;Ile;Ser;Thr
297,Asp,c2_domain,7,19,0.368,12,Gly;His;Ile;Leu;Phe;Pro;Val
298,Gln,c2_domain,14,19,0.737,5,Ala;Arg;Asn;Cys;Glu;Gly;Leu;Met;Phe;Pro;Ser;Thr;Trp;Val
299,Glu,c2_domain,13,19,0.684,6,Ala;Arg;Cys;Gly;Ile;Leu;Lys;Met;Ser;Thr;Trp;Tyr;Val
300,Ile,c2_domain,3,19,0.158,16,Ala;Lys;Val
302,Ser,c2_domain,0,19,0.0,19,
303,Ile,c2_domain,15,19,0.789,4,Ala;Arg;Cys;Gln;Gly;Leu;Lys;Met;Phe;Pro;Ser;Thr;Trp;Tyr;Val
304,Cys,c2_domain,3,19,0.158,16,Arg;Glu;Pro
305,Ser,c2_domain,12,19,0.632,7,Ala;Arg;Cys;Gln;Ile;Leu;Lys;Met;Phe;Pro;Thr;Trp
306,Ile,c2_domain,13,19,0.684,6,Ala;Cys;Glu;Gly;His;Leu;Met;Phe;Pro;Ser;Thr;Tyr;Val
307,Glu,c2_domain,13,19,0.684,6,Ala;Arg;Asn;Gly;Ile;Leu;Lys;Met;Pro;Ser;Thr;Trp;Val
308,Arg,c2_domain,13,19,0.684,6,Ala;Asn;Cys;Gly;His;Ile;Leu;Lys;Met;Pro;Thr;Trp;Val
309,Ala,c2_domain,9,19,0.474,10,Arg;Asn;Cys;Gly;His;Ile;Leu;Pro;Val
310,Asp,c2_domain,7,19,0.368,12,Arg;Glu;Gly;Leu;Ser;Trp;Val
311,Asn,c2_domain,13,19,0.684,6,Ala;Arg;Asp;Cys;Glu;Gly;Ile;Leu;Lys;Met;Phe;Pro;Ser
312,Asp,c2_domain,7,19,0.368,12,Arg;Gly;Leu;Pro;Thr;Trp;Val
313,Lys,c2_domain,10,19,0.526,9,Arg;Gly;Ile;Leu;Phe;Pro;Ser;Trp;Tyr;Val
314,Glu,c2_domain,5,19,0.263,14,Ala;Gly;Pro;Thr;Val
315,Tyr,c2_domain,11,19,0.579,8,Ala;Arg;Asp;Glu;Gly;Leu;Lys;Met;Pro;Thr;Val
316,Leu,c2_domain,5,19,0.263,14,Ala;Glu;Phe;Ser;Thr
318,Leu,c2_domain,16,19,0.842,3,Ala;Arg;Asn;Asp;Cys;Gln;Glu;Gly;Met;Phe;Pro;Ser;Thr;Trp;Tyr;Val
319,Thr,c2_domain,17,19,0.895,2,Arg;Asn;Asp;Cys;Gln;Glu;Gly;His;Ile;Leu;Lys;Met;Phe;Pro;Ser;Tyr;Val
320,Leu,c2_domain,15,19,0.789,4,Ala;Arg;Asn;Asp;Cys;Gln;Glu;Gly;His;Ile;Met;Phe;Ser;Tyr;Val
321,Thr,c2_domain,17,19,0.895,2,Ala;Arg;Asn;Asp;Cys;Gln;Glu;Gly;His;Leu;Met;Phe;Pro;Ser;Trp;Tyr;Val
322,Lys,c2_domain,12,19,0.632,7,Ala;Arg;Gln;Gly;Ile;Leu;Phe;Pro;Ser;Thr;Trp;Val
325,Leu,c2_domain,14,19,0.737,5,Ala;Arg;Asn;Gln;Glu;Gly;Ile;Met;Phe;Pro;Ser;Thr;Tyr;Val
329,Asn,c2_domain,14,19,0.737,5,Ala;Arg;Asp;Cys;Gln;Gly;Leu;Met;Phe;Pro;Ser;Trp;Tyr;Val
330,Lys,c2_domain,16,19,0.842,3,Ala;Arg;Asn;Gln;Glu;Gly;Ile;Leu;Met;Phe;Pro;Ser;Thr;Trp;Tyr;Val
331,Asp,c2_domain,13,19,0.684,6,Ala;Arg;Cys;Glu;Gly;Ile;Leu;Lys;Met;Pro;Ser;Thr;Val
332,Lys,c2_domain,12,19,0.632,7,Ala;Arg;Asn;Asp;Gln;Glu;Gly;Leu;Ser;Thr;Trp;Val
333,Ala,c2_domain,15,19,0.789,4,Arg;Asn;Asp;Gln;Glu;Gly;Ile;Leu;Lys;Met;Phe;Pro;Ser;Thr;Val
334,Asn,c2_domain,17,19,0.895,2,Ala;Arg;Asp;Gln;Glu;Gly;Ile;Leu;Lys;Met;Phe;Pro;Ser;Thr;Trp;Tyr;Val
335,Arg,c2_domain,3,19,0.158,16,Glu;Gly;Leu
336,Tyr,c2_domain,2,19,0.105,17,Ala;Ser
337,Phe,c2_domain,15,19,0.789,4,Ala;Arg;Cys;Gln;Glu;Gly;Ile;Leu;Lys;Met;Pro;Ser;Thr;Trp;Val
338,Ser,c2_domain,1,19,0.053,18,Phe
339,Pro,c2_domain,2,19,0.105,17,Gly;Val
340,Asn,c2_domain,4,19,0.211,15,Arg;Gly;Leu;Lys
341,Phe,c2_domain,9,19,0.474,10,Cys;Glu;Gly;Leu;Met;Pro;Ser;Tyr;Val
342,Lys,c2_domain,10,19,0.526,9,Ala;Arg;Asn;Gln;Gly;His;Ile;Leu;Thr;Val
343,Val,c2_domain,17,19,0.895,2,Ala;Arg;Asn;Asp;Cys;Gln;Glu;Gly;His;Leu;Lys;Phe;Pro;Ser;Thr;Trp;Tyr
344,Lys,c2_domain,17,19,0.895,2,Ala;Arg;Asp;Cys;Gln;Glu;Gly;His;Ile;Leu;Met;Pro;Ser;Thr;Trp;Tyr;Val
345,Leu,c2_domain,14,19,0.737,5,Ala;Arg;Asn;Asp;Glu;Gly;Lys;Met;Pro;Ser;Thr;Trp;Tyr;Val
346,Tyr,c2_domain,15,19,0.789,4,Ala;Arg;Cys;Gln;Glu;Gly;His;Ile;Lys;Met;Pro;Ser;Thr;Trp;Val
347,Phe,c2_domain,16,19,0.842,3,Ala;Arg;Asn;Cys;Gln;Glu;Gly;His;Ile;Leu;Lys;Met;Pro;Trp;Tyr;Val
348,Thr,c2_domain,4,19,0.211,15,Arg;Asp;Phe;Val
349,Lys,c2_domain,3,19,0.158,16,Gly;Ser;Thr
351,Val,unannotated,8,19,0.421,11,Asp;Gln;Gly;Ile;Leu;Lys;Pro;Ser
354,Pro,disordered_tail,18,19,0.947,1,Ala;Arg;Asp;Cys;Gln;Glu;Gly;His;Ile;Leu;Lys;Met;Phe;Ser;Thr;Trp;Tyr;Val
355,Ser,disordered_tail,11,19,0.579,8,Ala;Arg;Asp;Cys;Glu;Gly;Ile;Leu;Pro;Thr;Trp
356,Asn,disordered_tail,4,19,0.211,15,Arg;Glu;Phe;Thr
357,Pro,disordered_tail,7,19,0.368,12,Ala;Arg;Gln;Gly;Leu;Ser;Val
358,Glu,disordered_tail,6,19,0.316,13,Gly;His;Leu;Met;Ser;Val
360,Ser,disordered_tail,9,19,0.474,10,Arg;Asn;Glu;Gly;Leu;Lys;Met;Pro;Trp
361,Ser,disordered_tail,15,19,0.789,4,Ala;Arg;Cys;Gln;Gly;His;Ile;Leu;Lys;Met;Phe;Pro;Thr;Trp;Val
362,Ser,disordered_tail,7,19,0.368,12,Arg;Cys;Glu;Gly;Leu;Thr;Val
363,Thr,disordered_tail,12,19,0.632,7,Arg;Asp;Cys;Glu;Gly;Ile;Leu;Phe;Pro;Ser;Tyr;Val
364,Ser,disordered_tail,15,19,0.789,4,Ala;Arg;Asp;Cys;Gln;Glu;Gly;His;Leu;Lys;Met;Pro;Thr;Tyr;Val
365,Val,disordered_tail,11,19,0.579,8,Ala;Arg;Asp;Cys;Ile;Leu;Lys;Phe;Pro;Thr;Trp
366,Thr,disordered_tail,11,19,0.579,8,Arg;Asn;Asp;Glu;Gly;Leu;Lys;Ser;Trp;Tyr;Val
367,Pro,disordered_tail,12,19,0.632,7,Arg;Cys;Gln;Glu;Gly;Leu;Lys;Met;Ser;Thr;Trp;Val
368,Asp,disordered_tail,9,19,0.474,10,Ala;Arg;Glu;Gly;His;Ile;Leu;Ser;Val
369,Val,disordered_tail,10,19,0.526,9,Arg;Glu;Gly;Leu;Met;Phe;Pro;Ser;Thr;Trp
370,Ser,disordered_tail,12,19,0.632,7,Ala;Arg;Cys;Gln;Gly;Leu;Lys;Met;Phe;Pro;Thr;Val
371,Asp,disordered_tail,13,19,0.684,6,Ala;Arg;Asn;Gln;Gly;Leu;Met;Phe;Pro;Ser;Thr;Trp;Val
372,Asn,disordered_tail,10,19,0.526,9,Ala;Arg;Ile;Leu;Pro;Ser;Thr;Trp;Tyr;Val
375,Asp,disordered_tail,10,19,0.526,9,Ala;Arg;Asn;Glu;Gly;Leu;Met;Pro;Thr;Val
376,His,disordered_tail,17,19,0.895,2,Ala;Arg;Asp;Gln;Glu;Gly;Ile;Leu;Lys;Met;Phe;Pro;Ser;Thr;Trp;Tyr;Val
377,Tyr,disordered_tail,18,19,0.947,1,Ala;Arg;Asn;Asp;Cys;Gln;Glu;Gly;His;Ile;Leu;Lys;Met;Phe;Pro;Ser;Thr;Trp
378,Arg,disordered_tail,10,19,0.526,9,Ala;Asp;Gly;Leu;Phe;Pro;Ser;Thr;Tyr;Val
379,Tyr,disordered_tail,8,19,0.421,11,Ala;Arg;Asp;Gly;Leu;Lys;Met;Pro
380,Ser,disordered_tail,1,19,0.053,18,Gln
383,Thr,disordered_tail,5,19,0.263,14,Ala;Asp;Pro;Trp;Val
384,Asp,disordered_tail,4,19,0.211,15,Ile;Leu;Pro;Tyr
385,Ser,disordered_tail,19,19,1.0,0,Ala;Arg;Asn;Asp;Cys;Gln;Glu;Gly;His;Ile;Leu;Lys;Met;Phe;Pro;Thr;Trp;Tyr;Val
386,Asp,disordered_tail,14,19,0.737,5,Ala;Arg;Cys;Gln;Glu;Gly;His;Ile;Leu;Phe;Pro;Ser;Thr;Val
387,Pro,disordered_tail,17,19,0.895,2,Ala;Arg;Asp;Cys;Gln;Glu;Gly;Ile;Leu;Lys;Met;Phe;Ser;Thr;Trp;Tyr;Val
388,Glu,disordered_tail,10,19,0.526,9,Arg;Gln;Gly;Leu;Met;Phe;Ser;Thr;Trp;Val
389,Asn,disordered_tail,17,19,0.895,2,Ala;Arg;Asp;Cys;Gln;Gly;His;Ile;Leu;Lys;Phe;Pro;Ser;Thr;Trp;Tyr;Val
390,Glu,disordered_tail,9,19,0.474,10,Ala;Gly;Leu;Lys;Met;Phe;Thr;Tyr;Val
391,Pro,disordered_tail,13,19,0.684,6,Ala;Arg;Asn;Cys;Gly;Ile;Leu;Lys;Met;Ser;Thr;Trp;Val
392,Phe,disordered_tail,10,19,0.526,9,Ala;Asn;Cys;Gln;Glu;Gly;Leu;Lys;Pro;Ser
393,Asp,disordered_tail,17,19,0.895,2,Ala;Arg;Asn;Cys;Glu;Gly;Ile;Leu;Lys;Met;Phe;Pro;Ser;Thr;Trp;Tyr;Val
394,Glu,disordered_tail,17,19,0.895,2,Ala;Arg;Cys;Gln;Gly;His;Ile;Leu;Lys;Met;Phe;Pro;Ser;Thr;Trp;Tyr;Val
395,Asp,disordered_tail,16,19,0.842,3,Ala;Arg;Asn;Cys;Glu;Gly;His;Ile;Leu;Lys;Met;Ser;Thr;Trp;Tyr;Val
396,Gln,disordered_tail,14,19,0.737,5,Ala;Arg;Cys;Glu;Gly;Leu;Lys;Met;Pro;Ser;Thr;Trp;Tyr;Val
397,His,disordered_tail,18,19,0.947,1,Ala;Arg;Asn;Asp;Cys;Gln;Glu;Gly;Ile;Leu;Lys;Met;Phe;Pro;Ser;Thr;Tyr;Val
398,Thr,disordered_tail,14,19,0.737,5,Ala;Arg;Asn;Asp;Glu;Gly;His;Leu;Lys;Met;Pro;Ser;Trp;Val
399,Gln,disordered_tail,14,19,0.737,5,Ala;Arg;Asp;Glu;Gly;His;Leu;Lys;Met;Pro;Ser;Thr;Tyr;Val
400,Ile,disordered_tail,17,19,0.895,2,Ala;Arg;Asn;Asp;Cys;Glu;Gly;His;Leu;Lys;Met;Pro;Ser;Thr;Trp;Tyr;Val
401,Thr,disordered_tail,16,19,0.842,3,Ala;Arg;Asn;Asp;Cys;Gln;Glu;Gly;Ile;Leu;Lys;Met;Phe;Pro;Ser;Val
402,Lys,disordered_tail,3,19,0.158,16,Gly;Ser;Tyr
403,Val,disordered_tail,13,19,0.684,6,Ala;Arg;Asn;Glu;Gly;Ile;Leu;Lys;Met;Pro;Ser;Thr;Tyr
